id,submission_id,score,creation_date,author,parent_id
gkiouyy,l3vr5j,1,1611478443,wardamnbolts,t1_gkio6ph
gkio6ph,l3vr5j,3,1611478201,Last_Jedi,t1_gkimhwg
gkiny1b,l3vr5j,1,1611478100,Biolante,t3_l3vr5j
gkinuz4,l3vr5j,1,1611478065,Grand_Barnacle_6922,t3_l3vr5j
gkimzvm,l3vr5j,1,1611477751,diorgasm,t3_l3vr5j
gkimvnp,l3vr5j,6,1611477702,drbluetongue,t3_l3vr5j
gkimhwg,l3vr5j,7,1611477549,wardamnbolts,t3_l3vr5j
gkimhaf,l3vr5j,2,1611477544,wanna_fuck_my_GF,t3_l3vr5j
gkimgma,l3vr5j,5,1611477537,ThePoorProdigy,t3_l3vr5j
gkijdkp,l3vk86,1,1611476376,AutoModerator,t3_l3vk86
gkijp4m,l3vl47,1,1611476502,AutoModerator,t3_l3vl47
gkik7pa,l3vmej,1,1611476683,AutoModerator,t3_l3vmej
